Date,Type,Player/Pick,Source,Destination
2015-08-28,add,C.J. Anderson,keeper,BT
2015-08-28,add,Mike Evans,keeper,BT
2015-08-28,add,NaVorro Bowman,keeper,BT
2015-08-28,add,Ezekiel Ansah,keeper,CR
2015-08-28,add,Latavius Murray,keeper,CR
2015-08-28,add,Von Miller,keeper,CR
2015-08-28,add,Joseph Randle,keeper,JC
2015-08-28,add,Le'Veon Bell,keeper,JC
2015-08-28,add,Odell Beckham Jr.,keeper,JC
2015-08-28,add,Jonathan Stewart,keeper,MM
2015-08-28,add,Justin Forsett,keeper,MM
2015-08-28,add,Emmanuel Sanders,keeper,TP
2015-08-28,add,Tony Romo,keeper,TP
2015-08-28,add,C.J. Mosley,keeper,DB
2015-08-28,add,Davante Adams,keeper,MP
2015-08-28,add,DeAndre Hopkins,keeper,MP
2015-08-28,add,Jeremy Hill,keeper,MP
2015-08-28,add,DeAndre Levy,keeper,MW
2015-08-28,add,Justin Houston,keeper,MW
2015-08-28,add,Mark Ingram,keeper,MW
2015-08-30,add,Adrian Peterson,draftpicks,SC
2015-08-30,add,Marshawn Lynch,draftpicks,BT
2015-08-30,add,Antonio Brown,draftpicks,MM
2015-08-30,add,Jamaal Charles,draftpicks,MP
2015-08-30,add,Eddie Lacy,draftpicks,TJ
2015-08-30,add,Rob Gronkowski,draftpicks,CR
2015-08-30,add,Matt Forte,draftpicks,DB
2015-08-30,add,Dez Bryant,draftpicks,MW
2015-08-30,add,Demaryius Thomas,draftpicks,TP
2015-08-30,add,DeMarco Murray,draftpicks,JC
2015-08-30,add,LeSean McCoy,draftpicks,SC
2015-08-30,add,Julio Jones,draftpicks,BT
2015-08-30,add,Calvin Johnson,draftpicks,MM
2015-08-30,add,A.J. Green,draftpicks,MP
2015-08-30,add,Randall Cobb,draftpicks,TJ
2015-08-30,add,Andrew Luck,draftpicks,CR
2015-08-30,add,Lamar Miller,draftpicks,DB
2015-08-30,add,Aaron Rodgers,draftpicks,MW
2015-08-30,add,Alshon Jeffery,draftpicks,TP
2015-08-30,add,T.Y. Hilton,draftpicks,JC
2015-08-30,add,Peyton Manning,draftpicks,JC
2015-08-30,add,Frank Gore,draftpicks,TP
2015-08-30,add,Alfred Morris,draftpicks,MW
2015-08-30,add,Andre Ellington,draftpicks,DB
2015-08-30,add,Brandin Cooks,draftpicks,CR
2015-08-30,add,Melvin Gordon,draftpicks,TJ
2015-08-30,add,J.J. Watt,draftpicks,MP
2015-08-30,add,Drew Brees,draftpicks,MM
2015-08-30,add,Jimmy Graham,draftpicks,BT
2015-08-30,add,Lavonte David,draftpicks,SC
2015-08-30,add,Luke Kuechly,draftpicks,SC
2015-08-30,add,Robert Quinn,draftpicks,BT
2015-08-30,add,C.J. Mosley,draftpicks,MM
2015-08-30,add,Jordan Matthews,draftpicks,MP
2015-08-30,add,Chandler Jones,draftpicks,TJ
2015-08-30,add,Andre Johnson,draftpicks,CR
2015-08-30,add,Martellus Bennett,draftpicks,DB
2015-08-30,add,Rashad Jennings,draftpicks,MP
2015-08-30,add,Ameer Abdullah,draftpicks,TP
2015-08-30,add,Le'Veon Bell,draftpicks,JC
2015-08-30,add,Bobby Wagner,draftpicks,JC
2015-08-30,add,Greg Olsen,draftpicks,TP
2015-08-30,add,Paul Posluszny,draftpicks,MW
2015-08-30,add,Russell Wilson,draftpicks,DB
2015-08-30,add,Todd Gurley,draftpicks,MP
2015-08-30,add,Jamie Collins,draftpicks,TJ
2015-08-30,add,Everson Griffen,draftpicks,MP
2015-08-30,add,Calais Campbell,draftpicks,MM
2015-08-30,add,Morgan Burnett,draftpicks,BT
2015-08-30,add,Reshad Jones,draftpicks,SC
2015-08-30,add,Keenan Allen,draftpicks,SC
2015-08-30,add,Carlos Hyde,draftpicks,BT
2015-08-30,add,Doug Martin,draftpicks,MM
2015-08-30,add,Alec Ogletree,draftpicks,MP
2015-08-30,add,Carlos Dunlap,draftpicks,TJ
2015-08-30,add,T.J. Yeldon,draftpicks,CR
2015-08-30,add,Rob Ninkovich,draftpicks,DB
2015-08-30,add,Julian Edelman,draftpicks,BT
2015-08-30,add,Emmanuel Sanders,draftpicks,TP
2015-08-30,add,Vincent Jackson,draftpicks,JC
2015-08-30,add,C.J. Spiller,draftpicks,JC
2015-08-30,add,Harrison Smith,draftpicks,MP
2015-08-30,add,Mario Williams,draftpicks,MW
2015-08-30,add,Golden Tate,draftpicks,DB
2015-08-30,add,Cameron Wake,draftpicks,CR
2015-08-30,add,Amari Cooper,draftpicks,TJ
2015-08-30,add,Eric Weddle,draftpicks,MW
2015-08-30,add,Sean Lee,draftpicks,MM
2015-08-30,add,Muhammad Wilkerson,draftpicks,BT
2015-08-30,add,Ryan Tannehill,draftpicks,SC
2015-08-30,add,Johnathan Cyprien,draftpicks,SC
2015-08-30,add,Justin Houston,draftpicks,MW
2015-08-30,add,Paul Worrilow,draftpicks,MM
2015-08-30,add,Jeremy Hill,draftpicks,MP
2015-08-30,add,Karlos Dansby,draftpicks,TJ
2015-08-30,add,Von Miller,draftpicks,CR
2015-08-30,add,Brandon Marshall,draftpicks,DB
2015-08-30,add,Mark Ingram,draftpicks,MW
2015-08-30,add,Kiko Alonso,draftpicks,TP
2015-08-30,add,Mychal Kendricks,draftpicks,JC
2015-08-30,add,Odell Beckham Jr.,draftpicks,JC
2015-08-30,add,Jelani Jenkins,draftpicks,TP
2015-08-30,add,DeAndre Hopkins,draftpicks,MP
2015-08-30,add,C.J. Mosley,draftpicks,DB
2015-08-30,add,Ezekiel Ansah,draftpicks,CR
2015-08-30,add,Philip Rivers,draftpicks,TJ
2015-08-30,add,Latavius Murray,draftpicks,CR
2015-08-30,add,Jonathan Stewart,draftpicks,MM
2015-08-30,add,Derrick Johnson,draftpicks,BT
2015-08-30,add,DeSean Jackson,draftpicks,SC
2015-08-30,add,Fletcher Cox,draftpicks,SC
2015-08-30,add,NaVorro Bowman,draftpicks,BT
2015-08-30,add,Justin Forsett,draftpicks,MM
2015-08-30,add,Cameron Jordan,draftpicks,TP
2015-08-30,add,Mike Evans,draftpicks,BT
2015-08-30,add,Davante Adams,draftpicks,MP
2015-08-30,add,C.J. Anderson,draftpicks,BT
2015-08-30,add,DeAndre Levy,draftpicks,MW
2015-08-30,add,Tony Romo,draftpicks,TP
2015-08-30,add,Joseph Randle,draftpicks,JC
2015-08-30,add,D'Qwell Jackson,draftpicks,JC
2015-08-30,add,T.J. McDonald,draftpicks,TP
2015-08-30,add,Jeremy Maclin,draftpicks,MW
2015-08-30,add,Olivier Vernon,draftpicks,DB
2015-08-30,add,LeGarrette Blount,draftpicks,CR
2015-08-30,add,Landon Collins,draftpicks,MP
2015-08-30,add,Lawrence Timmons,draftpicks,CR
2015-08-30,add,Keenan Robinson,draftpicks,MM
2015-08-30,add,Ben Roethlisberger,draftpicks,BT
2015-08-30,add,Giovani Bernard,draftpicks,SC
2015-08-30,add,Jurrell Casey,draftpicks,SC
2015-08-30,add,Antoine Bethea,draftpicks,BT
2015-08-30,add,Travis Kelce,draftpicks,MM
2015-08-30,add,Arian Foster,draftpicks,MW
2015-08-30,add,Jarvis Landry,draftpicks,TJ
2015-08-30,add,Allen Robinson,draftpicks,CR
2015-08-30,add,Sammy Watkins,draftpicks,DB
2015-08-30,add,Nelson Agholor,draftpicks,MW
2015-08-30,add,James Laurinaitis,draftpicks,TP
2015-08-30,add,Barry Church,draftpicks,JC
2015-08-30,add,Jason Pierre-Paul,draftpicks,JC
2015-08-30,add,Antrel Rolle,draftpicks,TP
2015-08-30,add,Chris Ivory,draftpicks,MW
2015-08-30,add,Charles Woodson,draftpicks,DB
2015-08-30,add,Earl Thomas,draftpicks,CR
2015-08-30,add,Joique Bell,draftpicks,TJ
2015-08-30,add,Nigel Bradham,draftpicks,MP
2015-08-30,add,Eric Berry,draftpicks,MM
2015-08-30,add,Tyrann Mathieu,draftpicks,BT
2015-08-30,add,Eric Decker,draftpicks,SC
2015-08-30,add,Stephen Tulloch,draftpicks,SC
2015-08-30,add,Jerod Mayo,draftpicks,BT
2015-08-30,add,Ha Ha Clinton-Dix,draftpicks,MM
2015-08-30,add,Telvin Smith,draftpicks,MP
2015-08-30,add,Michael Griffin,draftpicks,TJ
2015-08-30,add,Prince Amukamara,draftpicks,CR
2015-08-30,add,Kam Chancellor,draftpicks,DB
2015-08-30,add,Delanie Walker,draftpicks,MW
2015-08-30,add,Jerry Hughes,draftpicks,TP
2015-08-30,add,Greg Hardy,draftpicks,JC
2015-08-30,add,Tyvon Branch,draftpicks,JC
2015-08-30,add,James Ihedigbo,draftpicks,TP
2015-08-30,add,Danny Trevathan,draftpicks,MW
2015-08-30,add,Da'Norris Searcy,draftpicks,DB
2015-08-30,add,Malcolm Jenkins,draftpicks,CR
2015-08-30,add,Jerrell Freeman,draftpicks,TJ
2015-08-30,add,Ryan Matthews,draftpicks,MP
2015-08-30,add,Corey Graham,draftpicks,MM
2015-08-30,add,Martavis Bryant,draftpicks,BT
2015-08-30,add,Matt Ryan,draftpicks,SC
2015-08-30,add,Jason Witten,draftpicks,SC
2015-08-30,add,Aaron Donald,draftpicks,BT
2015-08-30,add,Charles Johnson,draftpicks,MM
2015-08-30,add,Eli Manning,draftpicks,MP
2015-08-30,add,Jordan Cameron,dratpicks,TJ
2015-08-30,add,Ryan Shazier,draftpicks,CR
2015-08-30,add,Curtis Lofton,draftpicks,DB
2015-08-30,add,Rashad Johnson,draftpicks,MW
2015-08-30,add,Shane Vereen,draftpicks,TP
2015-08-30,add,Donte Whitner,draftpicks,JC
2015-08-30,add,Roddy White,draftpicks,JC
2015-08-30,add,Larry Fitzgerald,draftpicks,TP
2015-08-30,add,Gerald McCoy,draftpicks,MW
2015-08-30,add,Anquan Boldin,draftpicks,DB
2015-08-30,add,Bishop Sankey,draftpicks,CR
2015-08-30,add,Ryan Mundy,draftpicks,TJ
2015-08-30,add,Dashon Goldson,draftpicks,TJ
2015-08-30,add,Tevin Coleman,draftpicks,MM
2015-08-30,add,Mike Wallace,draftpicks,TJ
2015-08-30,add,Bradley Roby,draftpicks,SC
2015-08-30,add,Torrey Smith,draftpicks,SC
2015-08-30,add,Preston Brown,draftpicks,DB
2015-08-30,add,Demario Davis,draftpicks,MM
2015-08-30,add,Kenny Vaccaro,draftpicks,MP
2015-08-30,add,Sio Moore,draftpicks,TJ
2015-08-30,add,Matthew Stafford,draftpicks,CR
2015-08-30,add,Julius Thomas,draftpicks,DB
2015-08-30,add,Cam Newton,draftpicks,MW
2015-08-30,add,Tom Brady,draftpicks,TP
2015-08-30,add,Brian Quick,draftpicks,JC
2015-08-30,add,Jordan Reed,draftpicks,JC
2015-08-30,add,Vontaze Burfict,draftpicks,TP
2015-08-30,add,Marcell Dareus,draftpicks,MW
2015-08-30,add,Ndamukong Suh,draftpicks,DB
2015-08-30,add,Charles Johnson,draftpicks,CR
2015-08-30,add,Isaiah Crowell,draftpicks,TJ
2015-08-30,add,DeMarcus Lawrence,draftpicks,MP
2015-08-30,add,Eric Kendricks,draftpicks,MM
2015-08-30,add,Khalil Mack,draftpicks,BT
2015-08-30,add,Brandon LaFell,draftpicks,SC
2015-08-30,add,Brandon Marshall,draftpicks,SC
2015-08-30,add,Calvin Pryor,draftpicks,BT
2015-08-30,add,John Brown,draftpicks,MM
2015-08-30,add,Stephone Anthony,draftpicks,MP
2015-08-30,add,Corey Liuget,draftpicks,TJ
2015-08-30,add,Sheldon Richardson,draftpicks,CR
2015-08-30,add,Cameron Heyward,draftpicks,DB
2015-08-30,add,Tyler Eifert,draftpicks,MW
2015-08-30,add,Geno Atkins,draftpicks,TP
2015-08-30,add,Justin Tuck,draftpicks,JC
2015-08-30,add,Tre Mason,draftpicks,JC
2015-08-30,add,Devonta Freeman,draftpicks,TP
2015-08-30,add,Michael Crabtree,draftpicks,MW
2015-08-30,add,Jason McCourty,draftpicks,DB
2015-08-30,add,Clay Matthews,draftpicks,CR
2015-08-30,add,Steve Smith Sr.,draftpicks,TJ
2015-08-30,add,Dwayne Allen,draftpicks,MP
2015-08-30,add,Chris Long,draftpicks,MM
2015-08-30,add,Ronnie Hillman,draftpicks,BT
2015-08-30,add,DeMarcus Ware,draftpicks,SC
2015-08-30,add,Daryl Smith,draftpicks,SC
2015-08-30,add,Sam Bradford,draftpicks,BT
2015-08-30,add,Eddie Royal,daftpicks,MM
2015-08-30,add,Bradley McDougald,draftpicks,MP
2015-08-30,add,Anothony Barr,draftpicks,TJ
2015-08-30,add,T.J. Ward,draftpicks,CR
2015-08-30,add,Jay Cutler,draftpicks,DB
2015-08-30,add,Joe Haden,draftpicks,MW
2015-08-30,add,Glover Quin,draftpicks,TP
2015-08-30,add,Deone Bucannon,draftpicks,JC
2015-08-30,add,Stephen Gostkowski,draftpicks,JC
2015-08-30,add,Jonas Gray,draftpicks,TP
2015-08-30,add,Michael Bennett,draftpicks,MW
2015-08-30,add,Adam Vinatieri,draftpicks,DB
2015-08-30,add,Steven Hauschka,draftpicks,CR
2015-08-30,add,Mike Adams,draftpicks,TJ
2015-08-30,add,Markus Wheaton,draftpicks,MP
2015-08-30,add,Marcus Mariota,draftpicks,MM
2015-08-30,add,Justin Tucker,draftpicks,BT
2015-08-30,add,Mason Crosby,draftpicks,SC
2015-08-30,add,Kyle Fuller,draftpicks,SC
2015-08-30,add,Zach Ertz,draftpicks,BT
2015-08-30,add,Dan Bailey,draftpicks,MM
2015-08-30,add,Cody Parkey,draftpicks,MP
2015-08-30,add,Matt Bryant,draftpicks,TJ
2015-08-30,add,Antonio Gates,draftpicks,CR
2015-08-30,add,Chad Greenway,drafpticks,DB
2015-08-30,add,Blair Walsh,draftpicks,MW
2015-08-30,add,Dan Carpenter,draftpicks,TP
2015-08-30,add,Victor Cruz,draftpicks,JC
