PID,Player,Week,Passing TD,Interceptions,1 Passing Yd,Rushing TD,1 Rushing Yd,Reception TD,Receptions,1 Reception Yd,Return TD,2-pt Conversion,Fumbles Lost,Offensive Fumble Return TD,FG 0-19 Yds,FG 20-29 Yds,FG 30-39 Yds,FG 40-49 Yds,FG 50+ Yds,PAT,Tackle Solo,Tackle Assist,Sack,Interception,Fumble Force,Fumble Recovery,Defensive TD,Safety,Pass Defended,Block Kick,Tackles For Loss
24788,Cam Newton,9,3,1,297,1,57,0,0,0,0,0,0,0,0,0,0,0,0,0,0,0,0,0,0,0,0,0,0,0,0
24171,Antonio Brown,9,0,0,0,0,22,0,17,284,0,0,1,0,0,0,0,0,0,0,0,0,0,0,0,0,0,0,0,0,0
7149,Malcom Floyd,9,0,0,0,0,0,0,0,0,0,0,0,0,0,0,0,0,0,0,0,0,0,0,0,0,0,0,0,0,0
25741,Doug Martin,9,0,0,0,0,31,0,2,12,0,0,1,0,0,0,0,0,0,0,0,0,0,0,0,0,0,0,0,0,0
8790,Jonathan Stewart,9,0,0,0,0,66,0,1,2,0,0,0,0,0,0,0,0,0,0,0,0,0,0,0,0,0,0,0,0,0
7206,Heath Miller,9,0,0,0,0,0,0,3,32,0,0,0,0,0,0,0,0,0,0,0,0,0,0,0,0,0,0,0,0,0
28461,Tevin Coleman,9,0,0,0,0,3,0,0,0,0,0,0,0,0,0,0,0,0,0,0,0,0,0,0,0,0,0,0,0,0
26686,Travis Kelce,9,0,0,0,0,0,0,0,0,0,0,0,0,0,0,0,0,0,0,0,0,0,0,0,0,0,0,0,0,0
27619,John Brown,9,0,0,0,0,0,0,0,0,0,0,0,0,0,0,0,0,0,0,0,0,0,0,0,0,0,0,0,0,0
9010,Justin Forsett,9,0,0,0,0,0,0,0,0,0,0,0,0,0,0,0,0,0,0,0,0,0,0,0,0,0,0,0,0,0
8256,Calvin Johnson,9,0,0,0,0,0,0,0,0,0,0,0,0,0,0,0,0,0,0,0,0,0,0,0,0,0,0,0,0,0
27531,Blake Bortles,9,2,2,381,0,32,0,0,0,0,0,1,0,0,0,0,0,0,0,0,0,0,0,0,0,0,0,0,0,0
28685,Josh Lambo,9,0,0,0,0,0,0,0,0,0,0,0,0,0,1,1,0,0,1,0,0,0,0,0,0,0,0,0,0,0
27549,Ha Ha Clinton-Dix,9,0,0,0,0,0,0,0,0,0,0,0,0,0,0,0,0,0,0,2,3,0.0,0,0,0,0,0,0,0,0
24046,Morgan Burnett,9,0,0,0,0,0,0,0,0,0,0,0,0,0,0,0,0,0,0,3,6,0.0,0,0,0,0,0,1,0,1
8422,Corey Graham,9,0,0,0,0,0,0,0,0,0,0,0,0,0,0,0,0,0,0,8,0,0.0,0,0,0,0,0,0,0,0
24151,Greg Hardy,9,0,0,0,0,0,0,0,0,0,0,0,0,0,0,0,0,0,0,2,1,1.0,0,0,0,0,0,0,0,1
24790,Marcell Dareus,9,0,0,0,0,0,0,0,0,0,0,0,0,0,0,0,0,0,0,0,1,0.0,0,0,0,0,0,0,0,0
27040,Paul Worrilow,9,0,0,0,0,0,0,0,0,0,0,0,0,0,0,0,0,0,0,5,0,0.0,0,0,0,0,0,0,0,2
24030,Sean Lee,9,0,0,0,0,0,0,0,0,0,0,0,0,0,0,0,0,0,0,3,2,0.0,0,0,0,0,0,0,0,0
24015,Koa Misi,9,0,0,0,0,0,0,0,0,0,0,0,0,0,0,0,0,0,0,5,0,0.0,0,0,0,0,0,0,0,0
28433,Eric Kendricks,9,0,0,0,0,0,0,0,0,0,0,0,0,0,0,0,0,0,0,0,0,0,0,0,0,0,0,0,0,0
24759,Andrew Sendejo,9,0,0,0,0,0,0,0,0,0,0,0,0,0,0,0,0,0,0,5,2,0.5,0,0,0,0,0,1,0,0
8827,Calais Campbell,9,0,0,0,0,0,0,0,0,0,0,0,0,0,0,0,0,0,0,0,0,0,0,0,0,0,0,0,0,0
8337,Charles Johnson,9,0,0,0,0,0,0,0,0,0,0,0,0,0,0,0,0,0,0,0,0,0,0,0,0,0,0,0,0,0
7760,Jay Cutler,9,2,1,345,0,-2,0,0,0,0,0,1,0,0,0,0,0,0,0,0,0,0,0,0,0,0,0,0,0,0
27874,Allen Hurns,9,0,0,0,0,0,1,5,122,0,0,0,0,0,0,0,0,0,0,0,0,0,0,0,0,0,0,0,0,0
7868,Brandon Marshall,9,0,0,0,0,0,1,4,44,0,0,0,0,0,0,0,0,0,0,0,0,0,0,0,0,0,0,0,0,0
25807,Lamar Miller,9,0,0,0,2,44,0,7,97,0,0,0,0,0,0,0,0,0,0,0,0,0,0,0,0,0,0,0,0,0
28494,Jeremy Langford,9,0,0,0,1,72,0,3,70,0,1,0,0,0,0,0,0,0,0,0,0,0,0,0,0,0,0,0,0,0
8838,Martellus Bennett,9,0,0,0,0,0,1,8,57,0,0,0,0,0,0,0,0,0,0,0,0,0,0,0,0,0,0,0,0,0
24916,Julius Thomas,9,0,0,0,0,0,0,3,14,0,0,0,0,0,0,0,0,0,0,0,0,0,0,0,0,0,0,0,0,0
8821,Matt Forte,9,0,0,0,0,0,0,0,0,0,0,0,0,0,0,0,0,0,0,0,0,0,0,0,0,0,0,0,0,0
8801,Chris Johnson,9,0,0,0,0,0,0,0,0,0,0,0,0,0,0,0,0,0,0,0,0,0,0,0,0,0,0,0,0,0
26650,DeAndre Hopkins,9,0,0,0,0,0,0,0,0,0,0,0,0,0,0,0,0,0,0,0,0,0,0,0,0,0,0,0,0,0
25785,Russell Wilson,9,0,0,0,0,0,0,0,0,0,0,0,0,0,0,0,0,0,0,0,0,0,0,0,0,0,0,0,0,0
24035,Golden Tate,9,0,0,0,0,0,0,0,0,0,0,0,0,0,0,0,0,0,0,0,0,0,0,0,0,0,0,0,0,0
7520,Robbie Gould,9,0,0,0,0,0,0,0,0,0,0,0,0,0,0,0,0,0,2,0,0,0,0,0,0,0,0,0,0,0
26638,Kenny Vaccaro,9,0,0,0,0,0,0,0,0,0,0,0,0,0,0,0,0,0,0,4,6,0.0,0,0,0,0,0,0,0,0
25853,Josh Norman,9,0,0,0,0,0,0,0,0,0,0,0,0,0,0,0,0,0,0,3,0,0.0,0,0,0,0,0,1,0,0
26706,Logan Ryan,9,0,0,0,0,0,0,0,0,0,0,0,0,0,0,0,0,0,0,6,0,0.0,1,0,0,0,0,2,0,0
23977,Ndamukong Suh,9,0,0,0,0,0,0,0,0,0,0,0,0,0,0,0,0,0,0,1,2,1.0,0,0,0,0,0,0,0,1
26297,Derrick Shelby,9,0,0,0,0,0,0,0,0,0,0,0,0,0,0,0,0,0,0,1,1,0.0,0,0,0,0,0,0,0,0
23983,Rolando McClain,9,0,0,0,0,0,0,0,0,0,0,0,0,0,0,0,0,0,0,2,1,0.0,0,0,0,0,0,0,0,1
24336,Vincent Rey,9,0,0,0,0,0,0,0,0,0,0,0,0,0,0,0,0,0,0,5,0,0.0,0,0,0,0,0,1,0,0
27601,Preston Brown,9,0,0,0,0,0,0,0,0,0,0,0,0,0,0,0,0,0,0,5,2,0.0,0,0,0,0,0,1,0,0
24801,Robert Quinn,9,0,0,0,0,0,0,0,0,0,0,0,0,0,0,0,0,0,0,0,0,0,0,0,0,0,0,0,0,0
27545,C.J. Mosley,9,0,0,0,0,0,0,0,0,0,0,0,0,0,0,0,0,0,0,0,0,0,0,0,0,0,0,0,0,0
28406,Marcus Peters,9,0,0,0,0,0,0,0,0,0,0,0,0,0,0,0,0,0,0,0,0,0,0,0,0,0,0,0,0,0
9527,Arian Foster,9,0,0,0,0,0,0,0,0,0,0,0,0,0,0,0,0,0,0,0,0,0,0,0,0,0,0,0,0,0
6760,Eli Manning,9,2,2,213,0,-1,0,0,0,0,0,0,0,0,0,0,0,0,0,0,0,0,0,0,0,0,0,0,0,0
27535,Mike Evans,9,0,0,0,0,0,0,8,150,0,0,1,0,0,0,0,0,0,0,0,0,0,0,0,0,0,0,0,0,0
24791,A.J. Green,9,0,0,0,0,0,0,4,53,0,0,0,0,0,0,0,0,0,0,0,0,0,0,0,0,0,0,0,0,0
28398,Todd Gurley,9,0,0,0,1,89,0,3,20,0,0,0,0,0,0,0,0,0,0,0,0,0,0,0,0,0,0,0,0,0
27583,Jeremy Hill,9,0,0,0,0,52,0,1,0,0,0,0,0,0,0,0,0,0,0,0,0,0,0,0,0,0,0,0,0,0
6663,Antonio Gates,9,0,0,0,0,0,0,6,69,0,0,0,0,0,0,0,0,0,0,0,0,0,0,0,0,0,0,0,0,0
28534,Stefon Diggs,9,0,0,0,0,0,0,3,42,0,0,0,0,0,0,0,0,0,0,0,0,0,0,0,0,0,0,0,0,0
9560,Danny Woodhead,9,0,0,0,0,33,1,6,78,0,0,0,0,0,0,0,0,0,0,0,0,0,0,0,0,0,0,0,0,0
6337,Carson Palmer,9,0,0,0,0,0,0,0,0,0,0,0,0,0,0,0,0,0,0,0,0,0,0,0,0,0,0,0,0,0
27570,Jordan Matthews,9,0,0,0,0,0,1,9,133,0,0,0,0,0,0,0,0,0,0,0,0,0,0,0,0,0,0,0,0,0
26878,C.J. Anderson,9,0,0,0,0,34,0,1,4,0,0,0,0,0,0,0,0,0,0,0,0,0,0,0,0,0,0,0,0,0
28403,Melvin Gordon,9,0,0,0,0,31,0,3,25,0,0,0,0,0,0,0,0,0,0,0,0,0,0,0,0,0,0,0,0,0
25885,Blair Walsh,9,0,0,0,0,0,0,0,0,0,0,0,0,0,0,1,1,0,1,0,0,0,0,0,0,0,0,0,0,0
25739,Harrison Smith,9,0,0,0,0,0,0,0,0,0,0,0,0,0,0,0,0,0,0,0,0,0.0,0,0,0,0,0,0,0,0
7182,Adam Jones,9,0,0,0,0,0,0,0,0,0,0,0,0,0,0,0,0,0,0,1,0,0.0,0,0,0,0,0,2,0,0
8275,Reggie Nelson,9,0,0,0,0,0,0,0,0,0,0,0,0,0,0,0,0,0,0,2,0,0.0,0,0,0,0,0,0,0,0
26636,Sheldon Richardson,9,0,0,0,0,0,0,0,0,0,0,0,0,0,0,0,0,0,0,2,3,0.5,0,0,0,0,0,0,0,0
24075,Everson Griffen,9,0,0,0,0,0,0,0,0,0,0,0,0,0,0,0,0,0,0,3,0,0.0,0,0,0,0,0,0,0,1
28419,Stephone Anthony,9,0,0,0,0,0,0,0,0,0,0,0,0,0,0,0,0,0,0,3,5,0.0,0,0,0,0,0,0,0,0
27672,Telvin Smith,9,0,0,0,0,0,0,0,0,0,0,0,0,0,0,0,0,0,0,6,2,0.0,0,1,0,0,0,2,0,1
25756,Mychal Kendricks,9,0,0,0,0,0,0,0,0,0,0,0,0,0,0,0,0,0,0,5,0,1.0,0,0,0,0,0,0,0,2
24109,Kam Chancellor,9,0,0,0,0,0,0,0,0,0,0,0,0,0,0,0,0,0,0,0,0,0,0,0,0,0,0,0,0,0
24798,J.J. Watt,9,0,0,0,0,0,0,0,0,0,0,0,0,0,0,0,0,0,0,0,0,0,0,0,0,0,0,0,0,0
26669,Kiko Alonso,9,0,0,0,0,0,0,0,0,0,0,0,0,0,0,0,0,0,0,1,0,0.0,0,0,0,0,0,0,0,0
27556,Kelvin Benjamin,9,0,0,0,0,0,0,0,0,0,0,0,0,0,0,0,0,0,0,0,0,0,0,0,0,0,0,0,0,0
5228,Tom Brady,9,2,1,299,0,-1,0,0,0,0,0,0,0,0,0,0,0,0,0,0,0,0,0,0,0,0,0,0,0,0
23997,Demaryius Thomas,9,0,0,0,0,0,0,5,50,0,0,0,0,0,0,0,0,0,0,0,0,0,0,0,0,0,0,0,0,0
24057,Emmanuel Sanders,9,0,0,0,0,0,1,6,90,0,0,0,0,0,0,0,0,0,0,0,0,0,0,0,0,0,0,0,0,0
7241,Frank Gore,9,0,0,0,1,83,0,1,19,0,0,0,0,0,0,0,0,0,0,0,0,0,0,0,0,0,0,0,0,0
27631,Devonta Freeman,9,0,0,0,0,12,1,8,67,0,0,0,0,0,0,0,0,0,0,0,0,0,0,0,0,0,0,0,0,0
8285,Greg Olsen,9,0,0,0,0,0,1,4,66,0,0,0,0,0,0,0,0,0,0,0,0,0,0,0,0,0,0,0,0,0
25755,Alshon Jeffery,9,0,0,0,0,0,0,10,151,0,0,0,0,0,0,0,0,0,0,0,0,0,0,0,0,0,0,0,0,0
6762,Larry Fitzgerald,9,0,0,0,0,0,0,0,0,0,0,0,0,0,0,0,0,0,0,0,0,0,0,0,0,0,0,0,0,0
28442,Ameer Abdullah,9,0,0,0,0,0,0,0,0,0,0,0,0,0,0,0,0,0,0,0,0,0,0,0,0,0,0,0,0,0
25810,Travis Benjamin,9,0,0,0,0,0,0,3,22,0,0,0,0,0,0,0,0,0,0,0,0,0,0,0,0,0,0,0,0,0
24053,Brandon LaFell,9,0,0,0,0,0,0,5,102,0,0,0,0,0,0,0,0,0,0,0,0,0,0,0,0,0,0,0,0,0
6558,Josh Brown,9,0,0,0,0,0,0,0,0,0,0,0,0,0,0,2,1,1,2,0,0,0,0,0,0,0,0,0,0,0
28421,Landon Collins,9,0,0,0,0,0,0,0,0,0,0,0,0,0,0,0,0,0,0,4,1,0.0,0,0,0,0,0,1,0,0
24002,Devin McCourty,9,0,0,0,0,0,0,0,0,0,0,0,0,0,0,0,0,0,0,3,1,0.0,0,0,0,0,0,0,0,0
26694,T.J. McDonald,9,0,0,0,0,0,0,0,0,0,0,0,0,0,0,0,0,0,0,0,0,0,0,0,0,0,0,0,0,0
24811,Cameron Jordan,9,0,0,0,0,0,0,0,0,0,0,0,0,0,0,0,0,0,0,1,1,0.0,0,0,0,0,0,0,0,0
24095,Geno Atkins,9,0,0,0,0,0,0,0,0,0,0,0,0,0,0,0,0,0,0,3,1,1.0,0,0,0,0,0,0,0,1
26727,Jelani Jenkins,9,0,0,0,0,0,0,0,0,0,0,0,0,0,0,0,0,0,0,3,0,0.0,0,0,0,0,0,0,0,0
7190,Thomas Davis,9,0,0,0,0,0,0,0,0,0,0,0,0,0,0,0,0,0,0,4,2,1.0,1,0,0,0,0,1,0,1
9299,James Laurinaitis,9,0,0,0,0,0,0,0,0,0,0,0,0,0,0,0,0,0,0,6,2,0.0,0,0,0,0,0,0,0,1
9133,James Ihedigbo,9,0,0,0,0,0,0,0,0,0,0,0,0,0,0,0,0,0,0,0,0,0,0,0,0,0,0,0,0,0
24006,Jerry Hughes,9,0,0,0,0,0,0,0,0,0,0,0,0,0,0,0,0,0,0,3,0,2.0,0,1,1,0,0,0,0,1
9376,Glover Quin,9,0,0,0,0,0,0,0,0,0,0,0,0,0,0,0,0,0,0,0,0,0,0,0,0,0,0,0,0,0
24886,K.J. Wright,9,0,0,0,0,0,0,0,0,0,0,0,0,0,0,0,0,0,0,0,0,0,0,0,0,0,0,0,0,0
6624,Tony Romo,9,0,0,0,0,0,0,0,0,0,0,0,0,0,0,0,0,0,0,0,0,0,0,0,0,0,0,0,0,0
8780,Matt Ryan,9,1,0,303,0,2,0,0,0,0,0,0,0,0,0,0,0,0,0,0,0,0,0,0,0,0,0,0,0,0
24062,Eric Decker,9,0,0,0,0,0,1,6,79,0,0,0,0,0,0,0,0,0,0,0,0,0,0,0,0,0,0,0,0,0
8826,DeSean Jackson,9,0,0,0,0,0,0,3,15,0,0,0,0,0,0,0,0,0,0,0,0,0,0,0,0,0,0,0,0,0
8261,Adrian Peterson,9,0,0,0,1,125,0,2,18,0,0,0,0,0,0,0,0,0,0,0,0,0,0,0,0,0,0,0,0,0
26660,Giovani Bernard,9,0,0,0,0,72,0,1,14,0,0,0,0,0,0,0,0,0,0,0,0,0,0,0,0,0,0,0,0,0
7924,Delanie Walker,9,0,0,0,0,0,2,7,95,0,1,0,0,0,0,0,0,0,0,0,0,0,0,0,0,0,0,0,0,0
9317,LeSean McCoy,9,0,0,0,1,112,0,2,7,0,0,0,0,0,0,0,0,0,0,0,0,0,0,0,0,0,0,0,0,0
24845,Torrey Smith,9,0,0,0,0,0,0,2,44,0,0,0,0,0,0,0,0,0,0,0,0,0,0,0,0,0,0,0,0,0
25730,Kendall Wright,9,0,0,0,0,0,0,0,0,0,0,0,0,0,0,0,0,0,0,0,0,0,0,0,0,0,0,0,0,0
6405,Jason Witten,9,0,0,0,0,0,0,6,43,0,0,0,0,0,0,0,0,0,0,0,0,0,0,0,0,0,0,0,0,0
9514,Rashad Jennings,9,0,0,0,0,48,0,1,-1,0,0,0,0,0,0,0,0,0,0,0,0,0,0,0,0,0,0,0,0,0
8447,Mason Crosby,9,0,0,0,0,0,0,0,0,0,0,0,0,0,0,0,0,0,3,0,0,0,0,0,0,0,0,0,0,0
24139,Reshad Jones,9,0,0,0,0,0,0,0,0,0,0,0,0,0,0,0,0,0,0,6,1,1.0,0,0,0,0,0,0,0,1
27559,Bradley Roby,9,0,0,0,0,0,0,0,0,0,0,0,0,0,0,0,0,0,0,2,2,0.0,0,0,0,0,0,1,0,0
26656,Johnathan Cyprien,9,0,0,0,0,0,0,0,0,0,0,0,0,0,0,0,0,0,0,7,5,0.0,0,0,0,0,0,1,0,2
24864,Jurrell Casey,9,0,0,0,0,0,0,0,0,0,0,0,0,0,0,0,0,0,0,1,0,0.0,0,0,0,0,0,1,0,0
25722,Fletcher Cox,9,0,0,0,0,0,0,0,0,0,0,0,0,0,0,0,0,0,0,1,1,0.0,0,0,0,0,0,1,0,0
25719,Luke Kuechly,9,0,0,0,0,0,0,0,0,0,0,0,0,0,0,0,0,0,0,6,3,0.0,0,0,0,0,0,1,0,0
25768,Lavonte David,9,0,0,0,0,0,0,0,0,0,0,0,0,0,0,0,0,0,0,6,5,0.0,0,0,0,0,0,0,0,0
25852,Brandon Marshall,9,0,0,0,0,0,0,0,0,0,0,0,0,0,0,0,0,0,0,3,6,0.0,0,0,0,0,0,0,0,0
28051,Kerry Wynn,9,0,0,0,0,0,0,0,0,0,0,0,0,0,0,0,0,0,0,1,0,0.0,0,0,0,0,0,0,0,0
9359,Rashad Johnson,9,0,0,0,0,0,0,0,0,0,0,0,0,0,0,0,0,0,0,0,0,0,0,0,0,0,0,0,0,0
7865,Stephen Tulloch,9,0,0,0,0,0,0,0,0,0,0,0,0,0,0,0,0,0,0,0,0,0,0,0,0,0,0,0,0,0
26699,Keenan Allen,9,0,0,0,0,0,0,0,0,0,0,0,0,0,0,0,0,0,0,0,0,0,0,0,0,0,0,0,0,0
6763,Philip Rivers,9,1,0,280,0,0,0,0,0,0,0,0,0,0,0,0,0,0,0,0,0,0,0,0,0,0,0,0,0,0
27591,Jarvis Landry,9,0,0,9,0,18,0,11,69,0,0,0,0,0,0,0,0,0,0,0,0,0,0,0,0,0,0,0,0,0
28392,Amari Cooper,9,0,0,0,0,0,1,7,88,0,0,0,0,0,0,0,0,0,0,0,0,0,0,0,0,0,0,0,0,0
26684,Eddie Lacy,9,0,0,0,0,10,0,0,0,0,0,1,0,0,0,0,0,0,0,0,0,0,0,0,0,0,0,0,0,0
7776,DeAngelo Williams,9,0,0,0,2,170,0,2,55,0,1,0,0,0,0,0,0,0,0,0,0,0,0,0,0,0,0,0,0,0
6791,Benjamin Watson,9,0,0,0,0,0,0,5,60,0,0,0,0,0,0,0,0,0,0,0,0,0,0,0,0,0,0,0,0,0
24851,Randall Cobb,9,0,0,0,0,0,1,4,99,0,0,0,0,0,0,0,0,0,0,0,0,0,0,0,0,0,0,0,0,0
27597,Charles Sims,9,0,0,0,0,78,0,1,4,0,0,1,0,0,0,0,0,0,0,0,0,0,0,0,0,0,0,0,0,0
25723,Michael Floyd,9,0,0,0,0,0,0,0,0,0,0,0,0,0,0,0,0,0,0,0,0,0,0,0,0,0,0,0,0,0
24961,Charles Clay,9,0,0,0,0,0,0,1,6,0,0,0,0,0,0,0,0,0,0,0,0,0,0,0,0,0,0,0,0,0
26822,Theo Riddick,9,0,0,0,0,0,0,0,0,0,0,0,0,0,0,0,0,0,0,0,0,0,0,0,0,0,0,0,0,0
6243,Matt Bryant,9,0,0,0,0,0,0,0,0,0,0,0,0,1,0,1,1,0,1,0,0,0,0,0,0,0,0,0,0,0
8273,Michael Griffin,9,0,0,0,0,0,0,0,0,0,0,0,0,0,0,0,0,0,0,6,2,0.0,0,0,0,0,0,0,0,0
7121,Mike Adams,9,0,0,0,0,0,0,0,0,0,0,0,0,0,0,0,0,0,0,1,0,0.0,1,0,0,0,0,1,0,0
8380,Dashon Goldson,9,0,0,0,0,0,0,0,0,0,0,0,0,0,0,0,0,0,0,6,4,0.0,0,0,0,0,0,0,0,0
24029,Carlos Dunlap,9,0,0,0,0,0,0,0,0,0,0,0,0,0,0,0,0,0,0,4,0,2.0,0,0,0,0,0,0,0,3
25731,Chandler Jones,9,0,0,0,0,0,0,0,0,0,0,0,0,0,0,0,0,0,0,3,1,1.0,0,0,0,0,0,0,0,1
6792,Karlos Dansby,9,0,0,0,0,0,0,0,0,0,0,0,0,0,0,0,0,0,0,8,3,0.0,0,0,0,0,0,0,0,1
28472,Jordan Hicks,9,0,0,0,0,0,0,0,0,0,0,0,0,0,0,0,0,0,0,6,1,0.0,1,0,0,1,0,1,0,0
27839,Christian Jones,9,0,0,0,0,0,0,0,0,0,0,0,0,0,0,0,0,0,0,5,2,0.0,0,0,1,0,0,1,0,0
26675,Jamie Collins,9,0,0,0,0,0,0,0,0,0,0,0,0,0,0,0,0,0,0,0,0,0,0,0,0,0,0,0,0,0
25090,Ron Parker,9,0,0,0,0,0,0,0,0,0,0,0,0,0,0,0,0,0,0,0,0,0,0,0,0,0,0,0,0,0
27081,Tony Jefferson,9,0,0,0,0,0,0,0,0,0,0,0,0,0,0,0,0,0,0,0,0,0,0,0,0,0,0,0,0,0
7191,Derrick Johnson,9,0,0,0,0,0,0,0,0,0,0,0,0,0,0,0,0,0,0,0,0,0,0,0,0,0,0,0,0,0
5521,Steve Smith Sr.,9,0,0,0,0,0,0,0,0,0,0,0,0,0,0,0,0,0,0,0,0,0,0,0,0,0,0,0,0,0
7200,Aaron Rodgers,9,4,1,369,0,22,0,0,0,0,1,0,0,0,0,0,0,0,0,0,0,0,0,0,0,0,0,0,0,0
25937,Rishard Matthews,9,0,0,0,0,0,0,4,54,0,0,0,0,0,0,0,0,0,0,0,0,0,0,0,0,0,0,0,0,0
9274,Michael Crabtree,9,0,0,0,0,0,2,7,108,0,0,0,0,0,0,0,0,0,0,0,0,0,0,0,0,0,0,0,0,0
24815,Mark Ingram,9,0,0,0,0,54,0,4,42,0,0,0,0,0,0,0,0,0,0,0,0,0,0,0,0,0,0,0,0,0
24400,Chris Ivory,9,0,0,0,2,26,0,3,22,0,0,0,0,0,0,0,0,0,0,0,0,0,0,0,0,0,0,0,0,0
26644,Tyler Eifert,9,0,0,0,0,0,3,5,53,0,0,0,0,0,0,0,0,0,0,0,0,0,0,0,0,0,0,0,0,0
28465,Duke Johnson Jr.,9,0,0,0,0,0,1,2,38,0,0,0,0,0,0,0,0,0,0,0,0,0,0,0,0,0,0,0,0,0
23999,Dez Bryant,9,0,0,0,0,0,1,5,104,0,0,0,0,0,0,0,0,0,0,0,0,0,0,0,0,0,0,0,0,0
9283,Jeremy Maclin,9,0,0,0,0,0,0,0,0,0,0,0,0,0,0,0,0,0,0,0,0,0,0,0,0,0,0,0,0,0
26708,Jordan Reed,9,0,0,0,0,0,1,3,18,0,0,0,0,0,0,0,0,0,0,0,0,0,0,0,0,0,0,0,0,0
25718,Ryan Tannehill,9,0,0,309,0,3,0,1,9,0,0,1,0,0,0,0,0,0,0,0,0,0,0,0,0,0,0,0,0,0
27618,Donte Moncrief,9,0,0,0,0,0,0,3,30,0,0,0,0,0,0,0,0,0,0,0,0,0,0,0,0,0,0,0,0,0
27120,Brandon McManus,9,0,0,0,0,0,0,0,0,0,0,0,0,0,1,0,0,0,3,0,0,0,0,0,0,0,0,0,0,0
4271,Charles Woodson,9,0,0,0,0,0,0,0,0,0,0,0,0,0,0,0,0,0,0,7,1,0.0,0,0,0,0,0,1,0,0
28438,Ronald Darby,9,0,0,0,0,0,0,0,0,0,0,0,0,0,0,0,0,0,0,10,0,0.0,0,0,0,0,0,1,0,1
25749,Janoris Jenkins,9,0,0,0,0,0,0,0,0,0,0,0,0,0,0,0,0,0,0,4,0,0.0,0,0,0,0,0,1,0,1
24818,Cameron Heyward,9,0,0,0,0,0,0,0,0,0,0,0,0,0,0,0,0,0,0,6,2,0.0,0,0,0,0,0,0,0,1
7187,DeMarcus Ware,9,0,0,0,0,0,0,0,0,0,0,0,0,0,0,0,0,0,0,1,0,1.0,0,0,0,0,0,0,0,1
25029,Malcolm Smith,9,0,0,0,0,0,0,0,0,0,0,0,0,0,0,0,0,0,0,3,0,0.0,0,0,0,0,0,0,0,1
25735,Dont'a Hightower,9,0,0,0,0,0,0,0,0,0,0,0,0,0,0,0,0,0,0,1,0,0.0,0,0,0,0,0,0,0,0
8288,Paul Posluszny,9,0,0,0,0,0,0,0,0,0,0,0,0,0,0,0,0,0,0,3,4,0.0,0,0,0,0,0,0,0,1
8890,Dwight Lowery,9,0,0,0,0,0,0,0,0,0,0,0,0,0,0,0,0,0,0,5,0,0.0,0,0,0,0,0,1,0,0
24857,Justin Houston,9,0,0,0,0,0,0,0,0,0,0,0,0,0,0,0,0,0,0,0,0,0,0,0,0,0,0,0,0,0
8291,Eric Weddle,9,0,0,0,0,0,0,0,0,0,0,0,0,0,0,0,0,0,0,9,4,0.0,0,0,1,0,0,0,0,0
8813,Jordy Nelson,9,0,0,0,0,0,0,0,0,0,0,0,0,0,0,0,0,0,0,0,0,0,0,0,0,0,0,0,0,0
4256,Peyton Manning,9,2,2,281,0,0,0,0,0,0,0,0,0,0,0,0,0,0,0,0,0,0,0,0,0,0,0,0,0,0
27540,Odell Beckham Jr.,9,0,0,0,0,0,0,9,105,0,0,0,0,0,0,0,0,0,0,0,0,0,0,0,0,0,0,0,0,0
8332,James Jones,9,0,0,0,0,0,0,2,57,0,0,0,0,0,0,0,0,0,0,0,0,0,0,0,0,0,0,0,0,0
23984,C.J. Spiller,9,0,0,0,0,8,0,1,2,0,0,0,0,0,0,0,0,0,0,0,0,0,0,0,0,0,0,0,0,0
24858,DeMarco Murray,9,0,0,0,1,83,0,6,78,0,0,0,0,0,0,0,0,0,0,0,0,0,0,0,0,0,0,0,0,0
8907,Gary Barnidge,9,0,0,0,0,0,0,2,35,0,0,0,0,0,0,0,0,0,0,0,0,0,0,0,0,0,0,0,0,0
28026,Willie Snead,9,0,0,0,0,0,0,6,95,0,0,0,0,0,0,0,0,0,0,0,0,0,0,0,0,0,0,0,0,0
25802,T.Y. Hilton,9,0,0,0,0,0,0,5,82,0,0,0,0,0,0,0,0,0,0,0,0,0,0,0,0,0,0,0,0,0
7237,Vincent Jackson,9,0,0,0,0,0,0,0,0,0,0,0,0,0,0,0,0,0,0,0,0,0,0,0,0,0,0,0,0,0
24963,Dwayne Harris,9,0,0,0,0,0,0,1,1,0,0,0,0,0,0,0,0,0,0,0,0,0,0,0,0,0,0,0,0,0
7867,Stephen Gostkowski,9,0,0,0,0,0,0,0,0,0,0,0,0,0,2,0,0,0,3,0,0,0,0,0,0,0,0,0,0,0
24603,Barry Church,9,0,0,0,0,0,0,0,0,0,0,0,0,0,0,0,0,0,0,4,4,0.0,0,0,0,0,0,0,0,0
26082,Antwon Blake,9,0,0,0,0,0,0,0,0,0,0,0,0,0,0,0,0,0,0,8,1,0.0,0,1,0,0,0,2,0,1
8793,Dominique Rodgers-Cromartie,9,0,0,0,0,0,0,0,0,0,0,0,0,0,0,0,0,0,0,3,0,0.0,0,0,0,0,0,0,0,0
9535,Chris Baker,9,0,0,0,0,0,0,0,0,0,0,0,0,0,0,0,0,0,0,5,2,0.0,0,0,0,0,0,0,0,0
25782,Olivier Vernon,9,0,0,0,0,0,0,0,0,0,0,0,0,0,0,0,0,0,0,5,2,0.0,0,0,0,0,0,0,0,2
7783,D'Qwell Jackson,9,0,0,0,0,0,0,0,0,0,0,0,0,0,0,0,0,0,0,0,1,0.0,0,0,0,0,0,1,0,0
25688,Michael Wilhoite,9,0,0,0,0,0,0,0,0,0,0,0,0,0,0,0,0,0,0,3,0,0.0,0,0,0,0,0,0,0,0
28512,Kwon Alexander,9,0,0,0,0,0,0,0,0,0,0,0,0,0,0,0,0,0,0,5,5,0.0,0,0,0,0,0,0,0,2
7757,Donte Whitner,9,0,0,0,0,0,0,0,0,0,0,0,0,0,0,0,0,0,0,0,0,0,0,0,0,0,0,0,0,0
8869,Cliff Avril,9,0,0,0,0,0,0,0,0,0,0,0,0,0,0,0,0,0,0,0,0,0,0,0,0,0,0,0,0,0
25757,Bobby Wagner,9,0,0,0,0,0,0,0,0,0,0,0,0,0,0,0,0,0,0,0,0,0,0,0,0,0,0,0,0,0
6798,Daryl Smith,9,0,0,0,0,0,0,0,0,0,0,0,0,0,0,0,0,0,0,0,0,0,0,0,0,0,0,0,0,0
27555,Deone Bucannon,9,0,0,0,0,0,0,0,0,0,0,0,0,0,0,0,0,0,0,0,0,0,0,0,0,0,0,0,0,0
26671,Le'Veon Bell,9,0,0,0,0,0,0,0,0,0,0,0,0,0,0,0,0,0,0,0,0,0,0,0,0,0,0,0,0,0
6770,Ben Roethlisberger,9,2,1,334,0,0,0,0,0,0,1,0,0,0,0,0,0,0,0,0,0,0,0,0,0,0,0,0,0,0
24793,Julio Jones,9,0,0,0,0,0,0,10,137,0,0,0,0,0,0,0,0,0,0,0,0,0,0,0,0,0,0,0,0,0
9496,Julian Edelman,9,0,0,0,0,0,1,5,55,0,0,1,0,0,0,0,0,0,0,0,0,0,0,0,0,0,0,0,0,0
24936,Dion Lewis,9,0,0,0,0,14,0,4,39,0,0,0,0,0,0,0,0,0,0,0,0,0,0,0,0,0,0,0,0,0
25777,Ronnie Hillman,9,0,0,0,0,1,0,0,0,0,0,0,0,0,0,0,0,0,0,0,0,0,0,0,0,0,0,0,0,0
8916,Jacob Tamme,9,0,0,0,0,0,0,6,61,0,0,0,0,0,0,0,0,0,0,0,0,0,0,0,0,0,0,0,0,0
27646,Martavis Bryant,9,0,0,0,0,0,1,3,31,0,0,0,0,0,0,0,0,0,0,0,0,0,0,0,0,0,0,0,0,0
24070,Jimmy Graham,9,0,0,0,0,0,0,0,0,0,0,0,0,0,0,0,0,0,0,0,0,0,0,0,0,0,0,0,0,0
24822,Andy Dalton,9,3,0,234,0,5,0,0,0,0,0,0,0,0,0,0,0,0,0,0,0,0,0,0,0,0,0,0,0,0
8266,Marshawn Lynch,9,0,0,0,0,0,0,0,0,0,0,0,0,0,0,0,0,0,0,0,0,0,0,0,0,0,0,0,0,0
28044,Charcandrick West,9,0,0,0,0,0,0,0,0,0,0,0,0,0,0,0,0,0,0,0,0,0,0,0,0,0,0,0,0,0
23987,Ryan Mathews,9,0,0,0,1,67,0,0,0,0,0,0,0,0,0,0,0,0,0,0,0,0,0,0,0,0,0,0,0,0
8432,Nick Folk,9,0,0,0,0,0,0,0,0,0,0,0,0,0,0,0,0,0,0,0,0,0,0,0,0,0,0,0,0,0
26534,Justin Tucker,9,0,0,0,0,0,0,0,0,0,0,0,0,0,0,0,0,0,0,0,0,0,0,0,0,0,0,0,0,0
8797,Aqib Talib,9,0,0,0,0,0,0,0,0,0,0,0,0,0,0,0,0,0,0,0,0,0.0,0,0,0,0,0,1,0,0
25717,Mark Barron,9,0,0,0,0,0,0,0,0,0,0,0,0,0,0,0,0,0,0,6,0,0.0,0,0,0,0,0,0,0,1
24880,Chris Conte,9,0,0,0,0,0,0,0,0,0,0,0,0,0,0,0,0,0,0,5,3,0.0,0,0,0,0,0,1,0,0
24817,Muhammad Wilkerson,9,0,0,0,0,0,0,0,0,0,0,0,0,0,0,0,0,0,0,1,0,0.0,0,0,0,0,0,0,0,0
27533,Khalil Mack,9,0,0,0,0,0,0,0,0,0,0,0,0,0,0,0,0,0,0,0,0,0,0,0,0,0,0,0,0,0
24066,NaVorro Bowman,9,0,0,0,0,0,0,0,0,0,0,0,0,0,0,0,0,0,0,6,1,1.0,0,0,0,0,0,1,0,2
8301,David Harris,9,0,0,0,0,0,0,0,0,0,0,0,0,0,0,0,0,0,0,3,1,0.0,0,0,0,0,0,1,0,0
24952,Pernell McPhee,9,0,0,0,0,0,0,0,0,0,0,0,0,0,0,0,0,0,0,2,0,0.0,0,0,0,0,0,0,0,0
27541,Aaron Donald,9,0,0,0,0,0,0,0,0,0,0,0,0,0,0,0,0,0,0,1,0,0.0,0,0,0,0,0,0,0,0
26692,Tyrann Mathieu,9,0,0,0,0,0,0,0,0,0,0,0,0,0,0,0,0,0,0,0,0,0,0,0,0,0,0,0,0,0
7956,Antoine Bethea,9,0,0,0,0,0,0,0,0,0,0,0,0,0,0,0,0,0,0,0,0,0,0,0,0,0,0,0,0,0
5479,Drew Brees,9,3,1,387,1,-1,0,0,0,0,0,0,0,0,0,0,0,0,0,0,0,0,0,0,0,0,0,0,0,0
27548,Brandin Cooks,9,0,0,0,0,0,1,4,71,0,0,0,0,0,0,0,0,0,0,0,0,0,0,0,0,0,0,0,0,0
27589,Allen Robinson,9,0,0,0,0,0,0,6,121,0,0,0,0,0,0,0,0,0,0,0,0,0,0,0,0,0,0,0,0,0
24318,LeGarrette Blount,9,0,0,0,1,129,0,0,0,0,0,0,0,0,0,0,0,0,0,0,0,0,0,0,0,0,0,0,0,0
26804,Latavius Murray,9,0,0,0,0,96,0,2,-1,0,0,1,0,0,0,0,0,0,0,0,0,0,0,0,0,0,0,0,0,0
24017,Rob Gronkowski,9,0,0,0,0,0,0,4,47,0,0,0,0,0,0,0,0,0,0,0,0,0,0,0,0,0,0,0,0,0
8781,Darren McFadden,9,0,0,0,0,117,0,1,5,0,0,0,0,0,0,0,0,0,0,0,0,0,0,0,0,0,0,0,0,0
26631,Tavon Austin,9,0,0,0,0,66,0,4,15,0,0,0,0,0,0,0,0,0,0,0,0,0,0,0,0,0,0,0,0,0
25711,Andrew Luck,9,2,0,252,0,34,0,0,0,0,0,0,0,0,0,0,0,0,0,0,0,0,0,0,0,0,0,0,0,0
28424,T.J. Yeldon,9,0,0,0,0,64,0,3,37,0,0,0,0,0,0,0,0,0,0,0,0,0,0,0,0,0,0,0,0,0
9526,Graham Gano,9,0,0,0,0,0,0,0,0,0,0,0,0,0,2,0,1,0,4,0,0,0,0,0,0,0,0,0,0,0
9066,Steven Hauschka,9,0,0,0,0,0,0,0,0,0,0,0,0,0,0,0,0,0,0,0,0,0,0,0,0,0,0,0,0,0
24013,T.J. Ward,9,0,0,0,0,0,0,0,0,0,0,0,0,0,0,0,0,0,0,10,2,0.0,0,0,0,0,0,2,0,1
9278,Malcolm Jenkins,9,0,0,0,0,0,0,0,0,0,0,0,0,0,0,0,0,0,0,8,1,0.0,0,0,0,0,0,0,0,0
26782,Micah Hyde,9,0,0,0,0,0,0,0,0,0,0,0,0,0,0,0,0,0,0,1,0,0.0,0,0,0,0,0,0,0,0
24929,Karl Klug,9,0,0,0,0,0,0,0,0,0,0,0,0,0,0,0,0,0,0,0,0,0.0,0,0,0,0,0,0,0,0
28396,Vic Beasley Jr.,9,0,0,0,0,0,0,0,0,0,0,0,0,0,0,0,0,0,0,1,0,0.0,1,0,0,0,0,1,0,0
8269,Lawrence Timmons,9,0,0,0,0,0,0,0,0,0,0,0,0,0,0,0,0,0,0,4,1,0.0,0,0,0,0,0,1,0,0
27543,Ryan Shazier,9,0,0,0,0,0,0,0,0,0,0,0,0,0,0,0,0,0,0,6,1,0.0,0,1,0,0,0,0,0,1
9290,Clay Matthews,9,0,0,0,0,0,0,0,0,0,0,0,0,0,0,0,0,0,0,2,3,0.0,0,0,0,0,0,0,0,0
24806,Prince Amukamara,9,0,0,0,0,0,0,0,0,0,0,0,0,0,0,0,0,0,0,0,0,0,0,0,0,0,0,0,0,0
26628,Ezekiel Ansah,9,0,0,0,0,0,0,0,0,0,0,0,0,0,0,0,0,0,0,0,0,0,0,0,0,0,0,0,0,0
24789,Von Miller,9,0,0,0,0,0,0,0,0,0,0,0,0,0,0,0,0,0,0,0,2,0.0,0,0,0,0,0,0,0,0
23989,Earl Thomas,9,0,0,0,0,0,0,0,0,0,0,0,0,0,0,0,0,0,0,0,0,0,0,0,0,0,0,0,0,0
